{
  "hash": "d28aa88b",
  "configHash": "1682fb0d",
  "lockfileHash": "be5528e5",
  "browserHash": "021a8f99",
  "optimized": {
    "@angular/cdk/bidi": {
      "src": "../../../../../../node_modules/@angular/cdk/fesm2022/bidi.mjs",
      "file": "@angular_cdk_bidi.js",
      "fileHash": "660b97d9",
      "needsInterop": false
    },
    "@angular/cdk/text-field": {
      "src": "../../../../../../node_modules/@angular/cdk/fesm2022/text-field.mjs",
      "file": "@angular_cdk_text-field.js",
      "fileHash": "aa7efac1",
      "needsInterop": false
    },
    "@angular/common": {
      "src": "../../../../../../node_modules/@angular/common/fesm2022/common.mjs",
      "file": "@angular_common.js",
      "fileHash": "4168ab75",
      "needsInterop": false
    },
    "@angular/core": {
      "src": "../../../../../../node_modules/@angular/core/fesm2022/core.mjs",
      "file": "@angular_core.js",
      "fileHash": "24bcacfd",
      "needsInterop": false
    },
    "@angular/forms": {
      "src": "../../../../../../node_modules/@angular/forms/fesm2022/forms.mjs",
      "file": "@angular_forms.js",
      "fileHash": "edd8044c",
      "needsInterop": false
    },
    "@angular/material/button": {
      "src": "../../../../../../node_modules/@angular/material/fesm2022/button.mjs",
      "file": "@angular_material_button.js",
      "fileHash": "96935f42",
      "needsInterop": false
    },
    "@angular/material/card": {
      "src": "../../../../../../node_modules/@angular/material/fesm2022/card.mjs",
      "file": "@angular_material_card.js",
      "fileHash": "f6adabde",
      "needsInterop": false
    },
    "@angular/material/form-field": {
      "src": "../../../../../../node_modules/@angular/material/fesm2022/form-field.mjs",
      "file": "@angular_material_form-field.js",
      "fileHash": "eb00c41b",
      "needsInterop": false
    },
    "@angular/material/input": {
      "src": "../../../../../../node_modules/@angular/material/fesm2022/input.mjs",
      "file": "@angular_material_input.js",
      "fileHash": "683027a9",
      "needsInterop": false
    },
    "@angular/material/toolbar": {
      "src": "../../../../../../node_modules/@angular/material/fesm2022/toolbar.mjs",
      "file": "@angular_material_toolbar.js",
      "fileHash": "e7e202e6",
      "needsInterop": false
    },
    "@angular/platform-browser": {
      "src": "../../../../../../node_modules/@angular/platform-browser/fesm2022/platform-browser.mjs",
      "file": "@angular_platform-browser.js",
      "fileHash": "db1b9054",
      "needsInterop": false
    },
    "@angular/platform-browser/animations/async": {
      "src": "../../../../../../node_modules/@angular/platform-browser/fesm2022/animations/async.mjs",
      "file": "@angular_platform-browser_animations_async.js",
      "fileHash": "c56a8241",
      "needsInterop": false
    },
    "@angular/router": {
      "src": "../../../../../../node_modules/@angular/router/fesm2022/router.mjs",
      "file": "@angular_router.js",
      "fileHash": "5d8c6805",
      "needsInterop": false
    },
    "@angular/ssr": {
      "src": "../../../../../../node_modules/@angular/ssr/fesm2022/ssr.mjs",
      "file": "@angular_ssr.js",
      "fileHash": "00c3727f",
      "needsInterop": false
    },
    "@angular/ssr/node": {
      "src": "../../../../../../node_modules/@angular/ssr/fesm2022/node.mjs",
      "file": "@angular_ssr_node.js",
      "fileHash": "97d5c914",
      "needsInterop": false
    },
    "express": {
      "src": "../../../../../../node_modules/express/index.js",
      "file": "express.js",
      "fileHash": "5e4002e4",
      "needsInterop": true
    },
    "@angular/common/http": {
      "src": "../../../../../../node_modules/@angular/common/fesm2022/http.mjs",
      "file": "@angular_common_http.js",
      "fileHash": "70fea3b1",
      "needsInterop": false
    }
  },
  "chunks": {
    "browser-NOUYQCRH": {
      "file": "browser-NOUYQCRH.js"
    },
    "xhr2-TXIMV6CV": {
      "file": "xhr2-TXIMV6CV.js"
    },
    "chunk-Z2DQQFUI": {
      "file": "chunk-Z2DQQFUI.js"
    },
    "chunk-WOFDVAVV": {
      "file": "chunk-WOFDVAVV.js"
    },
    "chunk-WGDDJSXS": {
      "file": "chunk-WGDDJSXS.js"
    },
    "chunk-ZNZJ3U3L": {
      "file": "chunk-ZNZJ3U3L.js"
    },
    "chunk-2CQP5LD3": {
      "file": "chunk-2CQP5LD3.js"
    },
    "chunk-UIAO6DBR": {
      "file": "chunk-UIAO6DBR.js"
    },
    "chunk-2GWBHVX6": {
      "file": "chunk-2GWBHVX6.js"
    },
    "chunk-RZIOLAHU": {
      "file": "chunk-RZIOLAHU.js"
    },
    "chunk-IIR4IZJS": {
      "file": "chunk-IIR4IZJS.js"
    },
    "chunk-RWJWYNFP": {
      "file": "chunk-RWJWYNFP.js"
    },
    "chunk-2LRID2IF": {
      "file": "chunk-2LRID2IF.js"
    },
    "chunk-ZWNFCZWJ": {
      "file": "chunk-ZWNFCZWJ.js"
    },
    "chunk-ZSCYCNUI": {
      "file": "chunk-ZSCYCNUI.js"
    },
    "chunk-GJQPQF2B": {
      "file": "chunk-GJQPQF2B.js"
    },
    "chunk-YHCV7DAQ": {
      "file": "chunk-YHCV7DAQ.js"
    }
  }
}