{
  "hash": "17c89209",
  "configHash": "21cb9512",
  "lockfileHash": "be5528e5",
  "browserHash": "972ff59d",
  "optimized": {
    "@angular/cdk/bidi": {
      "src": "../../../../../../node_modules/@angular/cdk/fesm2022/bidi.mjs",
      "file": "@angular_cdk_bidi.js",
      "fileHash": "6539bc25",
      "needsInterop": false
    },
    "@angular/cdk/text-field": {
      "src": "../../../../../../node_modules/@angular/cdk/fesm2022/text-field.mjs",
      "file": "@angular_cdk_text-field.js",
      "fileHash": "bbf17032",
      "needsInterop": false
    },
    "@angular/common": {
      "src": "../../../../../../node_modules/@angular/common/fesm2022/common.mjs",
      "file": "@angular_common.js",
      "fileHash": "815d3e1e",
      "needsInterop": false
    },
    "@angular/core": {
      "src": "../../../../../../node_modules/@angular/core/fesm2022/core.mjs",
      "file": "@angular_core.js",
      "fileHash": "d232f28e",
      "needsInterop": false
    },
    "@angular/forms": {
      "src": "../../../../../../node_modules/@angular/forms/fesm2022/forms.mjs",
      "file": "@angular_forms.js",
      "fileHash": "9c403e0d",
      "needsInterop": false
    },
    "@angular/material/button": {
      "src": "../../../../../../node_modules/@angular/material/fesm2022/button.mjs",
      "file": "@angular_material_button.js",
      "fileHash": "bb72a436",
      "needsInterop": false
    },
    "@angular/material/card": {
      "src": "../../../../../../node_modules/@angular/material/fesm2022/card.mjs",
      "file": "@angular_material_card.js",
      "fileHash": "3df8a95f",
      "needsInterop": false
    },
    "@angular/material/form-field": {
      "src": "../../../../../../node_modules/@angular/material/fesm2022/form-field.mjs",
      "file": "@angular_material_form-field.js",
      "fileHash": "44e4ecf4",
      "needsInterop": false
    },
    "@angular/material/input": {
      "src": "../../../../../../node_modules/@angular/material/fesm2022/input.mjs",
      "file": "@angular_material_input.js",
      "fileHash": "051cf332",
      "needsInterop": false
    },
    "@angular/material/toolbar": {
      "src": "../../../../../../node_modules/@angular/material/fesm2022/toolbar.mjs",
      "file": "@angular_material_toolbar.js",
      "fileHash": "31756dc3",
      "needsInterop": false
    },
    "@angular/platform-browser": {
      "src": "../../../../../../node_modules/@angular/platform-browser/fesm2022/platform-browser.mjs",
      "file": "@angular_platform-browser.js",
      "fileHash": "f0eb923c",
      "needsInterop": false
    },
    "@angular/platform-browser/animations/async": {
      "src": "../../../../../../node_modules/@angular/platform-browser/fesm2022/animations/async.mjs",
      "file": "@angular_platform-browser_animations_async.js",
      "fileHash": "07f3b1fd",
      "needsInterop": false
    },
    "@angular/router": {
      "src": "../../../../../../node_modules/@angular/router/fesm2022/router.mjs",
      "file": "@angular_router.js",
      "fileHash": "6b70ebe6",
      "needsInterop": false
    },
    "@angular/common/http": {
      "src": "../../../../../../node_modules/@angular/common/fesm2022/http.mjs",
      "file": "@angular_common_http.js",
      "fileHash": "b7db97f6",
      "needsInterop": false
    }
  },
  "chunks": {
    "chunk-RERIQX75": {
      "file": "chunk-RERIQX75.js"
    },
    "browser-GJUCUJ7Y": {
      "file": "browser-GJUCUJ7Y.js"
    },
    "chunk-XBI7F7E7": {
      "file": "chunk-XBI7F7E7.js"
    },
    "chunk-7VEI4N2U": {
      "file": "chunk-7VEI4N2U.js"
    },
    "chunk-MO3NCYN2": {
      "file": "chunk-MO3NCYN2.js"
    },
    "chunk-DV3WZBN4": {
      "file": "chunk-DV3WZBN4.js"
    },
    "chunk-4RQFXTXI": {
      "file": "chunk-4RQFXTXI.js"
    },
    "chunk-Z2LH7YW2": {
      "file": "chunk-Z2LH7YW2.js"
    },
    "chunk-TE3XWDRZ": {
      "file": "chunk-TE3XWDRZ.js"
    },
    "chunk-BA7JJW2L": {
      "file": "chunk-BA7JJW2L.js"
    },
    "chunk-WZR5D5H3": {
      "file": "chunk-WZR5D5H3.js"
    },
    "chunk-34LZLQMC": {
      "file": "chunk-34LZLQMC.js"
    }
  }
}